,Area,equivalent_diameter,orientation,MajorAxisLength,MinorAxisLength,Perimeter,MinIntensity,MeanIntensity,MaxIntensity
10,285078.00902000006,602.4720694095548,86.65579697842276,714.8751457528317,607.0425510570055,13422.32498731933,0.0,15.842609509831211,255.0
11,118.72281600000001,12.294819404672706,65.60101312515017,17.37839851506435,9.064620498005796,49.147694634156316,41.0,89.46354166666667,118.0
12,264.65294400000005,18.356649855880036,-87.13376111168517,36.226080907916504,10.875098301644444,96.47662138721059,38.0,122.59267912772586,202.0
13,86.56872000000001,10.498700759670491,50.8098310000062,11.909640049549791,9.536559058239687,37.76542984756939,36.0,93.50952380952381,119.0
14,225.078672,16.92864630934426,-87.89707000810874,32.82079606828441,14.441895006772214,106.07238307928232,44.0,116.60622710622711,239.0
15,141.601692,13.427318192990317,-80.84747505262442,19.383724116826716,10.570645361012334,59.43390646342586,36.0,86.61572052401746,121.0
16,363.38250800000003,21.50983447287872,-82.61308136714943,32.13755069191853,17.24984681828959,127.21450137197775,39.0,121.45774248440159,254.0
17,65.95712,9.164017319977223,31.71260926731309,10.608942927169112,8.083075089767414,32.17500618903032,75.0,155.321875,210.0
18,127.79192000000002,12.755772263631565,45.709332260870575,16.878617854462632,10.079825838128908,48.253059146347695,40.0,100.73548387096774,129.0
19,33.390792000000005,6.520312630881016,32.52847482681431,13.540246867192264,6.384767406749079,43.08713858232379,88.0,161.0493827160494,210.0
20,7.4201760000000005,3.0737048511681766,-7.662778703407434,4.811352493858017,2.021432720021776,10.850370701221696,160.0,202.88888888888889,225.0
21,84.301444,10.360305602590921,-83.65318797380654,15.554111226299398,7.46774436691554,39.328847317078164,72.0,189.04156479217605,255.0
22,71.728368,9.556536748054508,-40.054842560451874,10.241339944872978,9.172795893049843,32.298529573173845,55.0,109.1235632183908,148.0
23,5.3590160000000004,2.612146835855223,89.90230946875992,12.206120223049234,0.5032380709861075,11.084052957317386,64.0,139.80769230769232,177.0
24,154.58700000000002,14.029479017482247,-84.17385568650562,20.178281176862708,11.72569698250151,78.36225068598887,55.0,127.02666666666667,224.0
25,373.06996000000004,21.794665081729644,49.01734273281546,27.87600111906318,18.951186184950885,106.15304504574965,36.0,128.65911602209945,254.0
26,60.598104000000006,8.783843256159233,60.476118989709825,13.588765971785289,6.605562103655574,35.009165060982475,54.0,130.06462585034015,171.0
27,203.02426000000003,16.07788905212974,-44.57503826930724,21.433698004898076,13.849053574272478,66.47758871952156,51.0,172.4253807106599,255.0
28,157.26650800000002,14.150545468214602,-20.3622451690925,14.386315833012187,14.047327894787811,48.05164167683894,34.0,101.65923984272608,153.0
29,78.32408000000001,9.986256353659288,70.10546908789503,18.97157662735436,6.019231603518722,45.905165060982476,49.0,134.46842105263158,195.0
30,58.74306000000001,8.648351690972701,-61.92190920565438,11.06838826821651,7.417562024607194,33.8647149237847,75.0,169.59649122807016,237.0
31,74.61399200000001,9.746870533917699,83.7584636531869,12.843621713606137,7.885891888160371,39.283218018299856,36.0,125.8342541436464,230.0
32,486.02152800000005,24.876129703838743,-47.82215046458785,30.96214483802709,24.512677350283585,121.4682895427082,31.0,148.52798982188295,255.0
33,39.57427200000001,7.098417292925621,-27.325451081175764,9.477141219236865,5.551212171480601,25.332741402443393,51.0,94.51041666666667,123.0
34,142.42615600000002,13.466351177056808,-35.45208418801917,15.957559220544836,12.45679544632958,53.35998589940194,37.0,80.19536903039074,123.0
35,100.79072400000001,11.32831565323316,26.23212308814861,12.250565229061685,10.520076198178344,37.999112103665084,50.0,118.95910020449898,188.0
36,89.454344,10.67224476055261,47.159639059955595,10.99088658573343,10.494986355706555,35.05479435976078,56.0,120.21658986175115,178.0
37,177.05364400000002,15.014383140184666,-55.51985020349666,18.878171956901884,12.311368142086465,56.55411829269541,37.0,87.30849825378347,121.0
38,263.00401600000004,18.299374677713978,-6.608917309249472,24.464544745186238,14.95660623534958,75.84243603659972,30.0,113.73040752351098,248.0
39,163.243872,14.416953674964944,42.573873392623966,20.839241109430358,11.876442919817212,68.53280673782142,28.0,118.02020202020202,218.0
40,119.13504800000001,12.31614608055303,61.24929099733505,17.851344685531455,8.876401681351451,50.35390646342587,40.0,106.03287197231833,145.0
41,73.99564400000001,9.706398924366605,30.345536718955785,10.337300231762422,9.237863839091116,32.33079435976078,60.0,137.27298050139277,197.0
42,76.26292000000001,9.853982217407038,23.853517136941893,10.87047041965793,8.999901432295369,33.56927097561724,72.0,131.8054054054054,179.0
43,290.829676,19.243072630578382,70.76793344663427,30.138672395585463,14.241094880330595,96.35033012196494,52.0,148.84479092841957,255.0
44,130.471428,12.88880838509389,-88.31207815064433,14.251940478303439,11.87751446304444,44.73121801829986,51.0,113.50552922590838,169.0
45,132.738704,13.000314113501087,-65.37075838830712,19.39303329731541,9.211689790820941,53.49964167683894,34.0,125.65062111801242,185.0
46,65.338772,9.120959835172755,-24.761677296951724,9.76518506424368,8.589385033903204,29.34084731707816,71.0,144.45741324921136,223.0
47,50.910652000000006,8.05117726637852,-73.30766711053428,9.482099997537233,7.0241642177359855,28.056741402443393,64.0,161.80566801619435,234.0
48,63.483728000000006,8.990550202118383,70.58688690967455,11.422809485953573,7.738390607066273,36.16697971037163,76.0,167.01298701298703,216.0
49,195.60408400000003,15.781345153709127,69.7422588353784,16.731432925889433,15.13398793198067,57.24180054879109,26.0,84.03371970495259,120.0
50,154.999232,14.04817253545741,21.004050457978252,15.201435228246716,13.081314394145119,50.353906463425865,34.0,92.91356382978724,130.0
51,179.93926800000003,15.136241001923116,-13.217082248699707,15.96734768878818,14.724630892963127,53.92137689025201,31.0,85.17983963344788,145.0
52,162.21329200000002,14.3713735619137,-65.49051470990808,18.392812894107745,11.642378369695678,55.7857740701324,50.0,101.5133418043202,150.0
53,23.909456000000002,5.517469064009821,-39.47128699130972,6.709694432999056,4.679304529495054,18.75642365853908,144.0,196.06896551724137,249.0
54,114.39438000000001,12.06861418355319,78.6039269015388,21.891151704767733,7.840803377370923,53.71995942074325,52.0,149.86486486486487,255.0
55,73.789528,9.692870835667962,87.24387922982994,13.130863047964052,8.459175884161278,44.763482804886785,64.0,144.83798882681563,200.0
56,168.19065600000002,14.633762136721655,-17.305313718626472,18.1100539853194,13.39802254063469,65.16398589940195,43.0,182.41176470588235,255.0
57,39.368156000000006,7.079907698727637,-63.48261395751225,7.984942761286093,6.566962514635196,25.504661966467314,99.0,185.4240837696335,252.0
58,198.90194000000002,15.913824667016431,58.813638944931014,23.273488383472834,11.774158970514781,65.31977407013241,62.0,195.68911917098447,255.0
59,132.12035600000002,12.969998532138995,53.30060343510524,19.554045328773014,12.948755505951912,65.13172111281503,48.0,159.06240249609985,251.0
60,186.12274800000003,15.394117153262718,-21.189515688752287,16.7031739576214,14.33799080070717,54.5178005487911,27.0,82.93355481727575,136.0
61,203.64260800000002,16.10235453275704,-49.60585818281206,18.199979648143877,14.343063555316052,54.845509283545475,26.0,80.57894736842105,124.0
62,117.89835200000002,12.252054685868243,-18.308490768262512,19.388039459063165,8.291969376231574,53.16916506098248,64.0,164.54195804195805,252.0
63,58.94917600000001,8.66351095184585,-2.8454144995645314,10.025758685935287,7.649327891473016,29.23068844512601,79.0,165.03496503496504,251.0
64,80.79747200000001,10.142708536926024,2.507905075759099,12.62012527109334,8.46561626896106,35.05479435976078,60.0,120.44132653061224,222.0
65,114.18826400000002,12.057736656166389,22.987602119015403,24.379596760725004,11.29470795515262,74.26288617379751,70.0,183.0216606498195,254.0
66,41.841548,7.298925504931151,-21.040469809337104,7.956357493148551,6.899775385534058,24.20442365853908,114.0,183.43349753694582,240.0
67,44.727172,7.546416640669354,-42.607443008194736,9.13489908327026,7.10190746652319,32.19113858232378,38.0,107.21658986175115,175.0
68,87.80541600000001,10.573425551500401,62.04476325901759,15.677676228044808,8.1489572210396,49.8381447713541,50.0,134.08450704225353,218.0
69,227.75818,17.029113935049857,14.078650550503232,21.733187309890308,14.923317756024554,80.36907152440835,60.0,179.0814479638009,255.0
70,58.12471200000001,8.602713632612819,-12.524861730936589,11.80529586822212,6.695989795760657,32.86268844512601,73.0,129.53191489361703,163.0
71,370.39045200000004,21.71625590378625,-59.24927161108303,29.3925524022367,16.873592905726902,95.49072730184534,21.0,145.80745687256538,252.0
72,78.73631200000001,10.012501487890313,-87.26306080579198,11.439631746945002,8.968132718394235,34.412741402443395,56.0,127.63874345549738,168.0
73,55.03297200000001,8.370791851115577,-57.614305290634064,9.879010677241784,7.2652365621946595,28.588635487808624,82.0,165.40074906367042,243.0
74,50.29230400000001,8.002134105889654,-0.5955430954912985,9.05079322570407,7.391531824911913,28.58863548780862,90.0,167.12295081967213,244.0
75,173.13744000000003,14.847405001622725,27.926415451573522,17.27273597568078,13.234721367334336,56.48958871952155,25.0,82.80595238095238,122.0
76,158.503204,14.206074309957156,-51.28248672668436,15.897549648677764,12.781233830230763,49.71185350610848,39.0,95.01300390117035,142.0
77,43.28436000000001,7.423702500811363,-82.156073623846,7.525356297380906,7.4793510090308235,24.846476615856467,104.0,190.6095238095238,246.0
78,82.652516,10.258481946324016,71.88276199917685,19.81371464016134,6.004131800859832,46.125482804886786,54.0,185.61097256857855,253.0
79,151.90749200000002,13.907358698039696,-48.21950720125868,16.596453645470525,11.743657179939387,48.47337689025201,47.0,98.0067842605156,126.0
80,49.05560800000001,7.903134820856001,37.0925038832032,8.392845461490946,7.720180745398091,27.790794359760778,73.0,161.05042016806723,213.0
81,55.445204000000004,8.402084640058575,-73.63032492590891,9.533105994644067,7.50462884288814,29.340847317078158,75.0,164.1003717472119,251.0
82,153.96865200000002,14.001391944230642,-65.96289297883463,16.136816184338606,12.672758284508731,52.48148280488678,21.0,80.41231593038822,112.0
83,187.56556000000003,15.453669086090716,-87.67471773974115,16.345060465127933,14.800879906998285,55.31564167683895,33.0,84.1043956043956,130.0
84,40.810968,7.208476837482472,-89.69582829870508,8.860540225341504,5.977466849360615,23.672529573173854,98.0,186.73232323232324,253.0
85,118.92893200000002,12.305487362779221,-4.470850538051567,17.021850920789454,9.499436309132594,48.31758871952156,72.0,181.33795493934142,255.0
86,56.269668,8.46432315467213,69.55685831332957,10.045631615666185,7.31336705529734,28.854582530491232,72.0,174.06593406593407,229.0
87,241.56795200000002,17.53778404551401,26.658920137030705,23.083426979026182,15.051621050837616,81.83846251525843,41.0,146.09044368600684,255.0
88,239.30067600000004,17.455288131825746,49.43733524558419,22.661103514611117,14.402048680172934,66.69790646342588,31.0,108.00516795865633,215.0
89,86.77483600000001,10.511191782243746,-59.441275692632665,15.717433805992606,9.711997952530048,49.789747591473706,75.0,158.87648456057008,238.0
90,46.994448000000006,7.735320909736085,-62.30480515740764,10.38923648216748,6.183011864545289,28.653165060982474,104.0,192.109649122807,250.0
91,55.239088,8.38645284114241,45.693998805128594,10.485914226377142,7.1356539113218505,31.189112103665096,72.0,143.40671641791045,202.0
92,139.952764,13.348909825142565,86.57258152818976,14.642665024542781,13.446589740857101,57.212303643306264,36.0,168.73490427098673,255.0
93,203.84872400000003,16.110501436659376,-71.72397924242495,30.959881580615324,12.027820370293822,100.75344222563002,43.0,105.14459049544995,201.0
94,327.72444,20.427229787325206,-46.10268771728221,27.971723014134486,17.455037415597033,90.27640955794102,38.0,123.47358490566037,255.0
95,32.360212000000004,6.418901899422779,-26.961763608025535,7.483978007119011,5.948050969719141,22.874688445126008,100.0,203.20382165605096,252.0
96,110.06594400000002,11.838087363649835,-12.449504454907105,18.132598091174554,10.570549658743884,55.15985350610848,72.0,188.7734082397004,255.0
97,44.933288000000005,7.563784711146527,-84.10320150145115,8.940986094547911,6.926436785052604,29.467138582323784,150.0,231.74770642201835,255.0
98,211.06278400000002,16.393092539563607,-10.615824486556482,23.85086426353237,12.835927122960122,70.78390646342588,38.0,114.734375,252.0
99,34.833604,6.659693844197716,-32.33430254092524,9.188507415132895,4.97239335201551,24.04863548780862,93.0,170.72189349112426,210.0
100,170.0457,14.714241728752862,-7.807805266470078,15.08566538245688,14.412722196421715,49.1154298475694,45.0,90.68848484848485,120.0
101,206.32211600000002,16.207944874185483,36.81129708189709,17.814691761963815,14.93531370755401,58.94764167683895,30.0,79.45954045954046,123.0
102,579.8043080000001,27.170384118620888,-1.948480308711475,41.92485017313172,21.113527217471578,123.8323160213669,38.0,144.61144685389263,255.0
103,85.12590800000001,10.410843978616112,-89.5957489591968,11.66488901315036,9.662622802181602,37.15564167683895,54.0,98.68523002421307,121.0
104,37.51311200000001,6.911090915657178,31.098507436402123,8.201185900546871,6.259212977557995,24.26895323171293,46.0,92.9065934065934,124.0
105,49.26172400000001,7.919720641451265,-77.0736255362019,11.592223015989816,5.795793825217014,31.328767881102085,97.0,187.7531380753138,255.0
106,119.75339600000001,12.34806703105914,57.890380843729105,17.753930247600092,9.962504373207725,56.317668155497635,43.0,166.46987951807228,253.0
107,110.27206000000001,11.849166530664027,-52.384807129187045,16.047482562797942,10.281201728533047,49.725218018299856,27.0,107.70654205607477,151.0
108,119.13504800000001,12.31614608055303,12.158056462942548,25.22498970037731,10.368592054936828,70.98809181403672,67.0,164.98961937716263,255.0
109,167.57230800000002,14.606837068583344,28.285669885954487,15.584126917984932,13.74820635229844,48.09727097561725,46.0,96.42435424354244,124.0
110,58.330828000000004,8.617953172693912,15.786123196873714,13.771324851811622,6.264728994350425,35.6807149237847,55.0,161.2226148409894,224.0
111,162.625524,14.38962293251902,-67.8081215174002,18.949023342622706,15.005502458657295,71.75643603659972,35.0,135.25855513307985,233.0
112,186.12274800000003,15.394117153262718,83.26347647522032,28.802499146626765,12.099632663915894,81.36833012196496,38.0,156.54928017718714,255.0
113,133.357052,13.030559165887833,-34.750635640169854,16.035791514348368,11.066331908365605,48.58353576220417,46.0,150.60278207109738,251.0
114,446.035024,23.830850402234862,36.16446569232513,38.49176479148865,17.32607102229364,131.97481911588207,38.0,167.76386321626617,255.0
115,79.76689200000001,10.077815301692073,-63.35766361329364,12.151595912318525,8.509887283674484,34.96076788110209,73.0,169.984496124031,255.0
116,79.560776,10.064786446468514,-79.10429797522004,18.857935847733202,5.673472492965114,41.8514298475694,64.0,152.2979274611399,208.0
117,86.15648800000001,10.473674023813254,-76.91606494157847,14.65087823207473,7.619485891919772,38.98500618903032,69.0,202.87799043062202,255.0
118,127.79192000000002,12.755772263631565,-76.87065103976792,17.124764132204227,10.068810719559666,48.91124449695855,65.0,169.71451612903226,253.0
119,179.73315200000002,15.127569422293053,73.95952065693068,20.340120439149874,11.931353654041336,65.41380054879109,49.0,118.04587155963303,205.0
120,159.121552,14.23375749498468,-64.97886124677747,17.454605635973664,12.487225786800527,55.691747591473714,52.0,140.71373056994818,219.0
121,269.599728,18.52741306657364,89.97129273387472,27.858985934513157,13.273819282418467,79.31864786586927,58.0,148.28669724770643,253.0
122,230.43768800000004,17.128992292570615,8.025747323231561,31.08379162591542,10.622727277023623,80.19438307928235,39.0,117.31395348837209,240.0
123,121.19620800000001,12.422230262619838,-69.41969753223613,18.919639514933795,8.921341869240715,51.40156224086286,45.0,145.1173469387755,253.0
124,78.73631200000001,10.012501487890313,49.13289705320622,12.031964626833597,9.056155949522653,39.97090027439555,51.0,146.89267015706807,232.0
125,264.24071200000003,18.3423478281101,-64.04416558170252,21.70911839440952,16.975488190518803,79.60072730184534,56.0,163.91965678627145,255.0
126,33.596908000000006,6.540406091859217,71.89336454781943,8.941406286493391,5.345585112969977,24.58052957317385,112.0,196.01226993865032,240.0
127,192.92457600000003,15.67288101513134,57.325553537608336,18.41704402070134,13.413952927056677,55.3801712500128,36.0,88.46794871794872,150.0
128,117.280004,12.219882933133936,69.36795278136834,13.158607712918101,11.65666052050867,42.91521801829986,34.0,91.86643233743409,137.0
129,100.99684,11.339892882267014,23.40404683595121,20.69833700128906,7.338189450325823,53.5157740701324,58.0,146.77755102040817,250.0
130,19.168788000000003,4.940289354505953,8.878886651558858,5.5115533599252196,4.579389202802535,15.922264786586926,116.0,196.79569892473117,247.0
131,170.0457,14.714241728752862,20.252531745321072,16.784114422688212,13.066072121038964,52.81195942074324,38.0,92.12727272727273,118.0
132,14.634236000000001,4.316582905746968,-20.125010384876184,5.432603391040107,3.8309093558661065,15.672450137197773,130.0,198.3943661971831,231.0
133,282.997268,18.98218408586364,9.363123430885201,25.78870615285991,15.856149050678159,81.2581712500128,48.0,147.18281136198107,253.0
134,58.536944000000005,8.633165811493935,47.05549716692291,11.79891122438733,7.039510497245383,33.725059146347704,70.0,186.9718309859155,255.0
135,394.299908,22.406209749777773,52.14377046247312,34.04089037224771,20.93040307402035,134.66378644819304,32.0,144.44485101934134,255.0
136,152.938072,13.954454527710983,31.628149259600306,16.746088394303104,13.455917504254083,59.9201712500128,45.0,159.24932614555257,255.0
137,201.78756400000003,16.028846063287823,80.12840024606037,19.285746280366908,18.44615036833565,78.67659490855188,48.0,165.81103166496425,255.0
138,95.84394,11.04682282519387,-61.01777762810068,11.529836304429205,10.723536371480593,37.3570591463477,60.0,112.96129032258065,169.0
139,105.737508,11.602981364604126,61.49504291699003,12.318262541901968,11.798976479618734,41.89705914634771,62.0,195.86939571150097,255.0
140,185.710516,15.37705995450275,27.480738634073507,17.60307375202504,13.576487061196596,54.20622420733017,40.0,87.64816870144284,118.0
141,42.047664000000005,7.316881068360828,-85.1926043112738,9.041830940362496,6.067197652358577,25.520794359760778,142.0,223.59313725490196,254.0
142,93.164432,10.891310251075858,84.16612320524257,14.82450305202904,8.322431439897835,40.457165060982476,49.0,151.0995575221239,225.0
143,25.352268000000002,5.681505976968064,-79.55776921126373,6.412159840331125,5.286958982732121,19.852476615856464,128.0,176.609756097561,216.0
144,167.366192,14.597851009862302,19.547438323854223,16.479640002338225,13.077588530881926,48.739323932934624,39.0,91.79926108374384,151.0
145,32.772444,6.459657241558458,-79.03475209383818,9.050626696711278,5.216428857256694,24.674556051832543,135.0,198.9245283018868,252.0
146,250.224824,17.84926163714332,-69.73883804521299,20.437383400575857,16.624145443058847,68.01427716464755,41.0,135.81054365733112,201.0
147,19.374904,4.966779031550275,35.18955224947612,5.228536441220731,4.8376605225133344,15.546158871952155,155.0,219.51063829787233,253.0
148,33.184676,6.500157056750544,-62.72483997843228,8.062024871251152,5.734786397088694,24.220556051832546,108.0,192.85093167701862,238.0
149,27.413428000000003,5.90794893227338,-71.83151338301609,9.53276306501826,4.130763855481909,23.76655605183255,119.0,203.1203007518797,245.0
150,235.59058800000003,17.3194472489456,70.04566468850706,21.493768035631213,15.399900498094304,71.61401237806064,50.0,164.25459317585302,255.0
151,93.98889600000001,10.939395739856959,58.4212676418265,20.351151757341228,6.940738651010247,50.775641676838944,76.0,182.53508771929825,255.0
152,51.322884,8.08370740803102,-56.905636757744475,9.579294503226656,7.676206908665908,32.89495323171293,77.0,171.47791164658634,242.0
153,513.2288400000001,25.562927347754123,-30.108069533322855,48.883448035809394,16.126192797176422,156.99321629576244,59.0,182.83132530120483,255.0
154,52.353464,8.164465730754753,74.2797336026672,9.996554968642066,6.966337927567136,30.044661966467316,145.0,232.38976377952756,255.0
155,26.176732,5.773149082981867,1.1330457658444921,8.38383923203833,4.0542495778901895,19.930370701221698,161.0,239.99212598425197,255.0
156,38.955924,7.042742572215571,81.00436882319903,7.9568205934860465,6.603454134296516,24.752450137197773,85.0,167.97354497354496,227.0
157,74.61399200000001,9.746870533917699,-56.60336908374011,16.51434314410269,6.786280091139234,41.475323932934636,108.0,179.87845303867402,255.0
158,204.673188,16.143047937382036,89.7472390548435,21.581560415711934,13.77289898026262,64.817376890252,50.0,173.42497482376638,255.0
159,172.10686,14.803150342822248,-60.437694754479075,16.43562567634865,15.481808613206702,61.89195942074325,57.0,152.52694610778443,223.0
160,56.88801600000001,8.510703354760208,6.26436449876391,12.494541475469024,6.793786922425225,37.37319153964117,96.0,154.44202898550725,211.0
161,75.02622400000001,9.773758503715873,48.92388685208546,12.330737730647153,8.1875922837784,36.18311210366509,74.0,153.01373626373626,225.0
162,34.833604,6.659693844197716,-69.75115875821437,8.604554545157539,5.200570447405929,22.232635487808622,101.0,201.6153846153846,251.0
163,7.214060000000001,3.030713854868544,84.79627985703489,8.017957940591966,2.328582398054852,12.02431774390431,74.0,153.2,181.0
164,39.986504000000004,7.135292436089131,85.8194213040873,9.508566952858525,5.731560668208656,25.974794359760775,87.0,186.3041237113402,255.0
165,72.55283200000001,9.611302449976629,26.368079510665044,10.431814614318586,9.588897246564649,33.61490027439555,66.0,133.13636363636363,173.0
166,60.391988000000005,8.768892022757004,64.47494464064175,10.06338133033293,7.79899621622777,29.982900274395547,71.0,150.62798634812287,194.0
167,263.82848,18.328034639954446,3.6008188600594107,38.95492741072093,18.78539755371307,125.58378644819305,49.0,166.88125,255.0
168,109.447596,11.804787473876775,74.8427537150428,13.291005789886006,10.644042730339496,41.47532393293463,55.0,136.53483992467042,200.0
169,90.484924,10.733544775103693,75.62565286177636,12.028648246209668,10.677333584060618,45.23361519818024,49.0,118.56492027334852,181.0
170,220.75023600000003,16.765080673376428,6.376587834548152,26.6094004655581,15.696156655934944,85.34693913111487,38.0,152.73015873015873,252.0
171,177.465876,15.031851887384562,-21.079028747625696,23.298556081463925,10.675331601755056,63.59780054879109,77.0,189.65040650406505,255.0
172,75.02622400000001,9.773758503715873,24.550196132320917,10.457626038622466,10.113526703128022,40.817138582323786,73.0,178.3956043956044,255.0
173,139.952764,13.348909825142565,4.431940833966265,13.861866700170403,12.98117475022876,44.84137689025201,48.0,99.85272459499264,160.0
174,104.706928,11.546298165963734,89.10945721941943,15.58847779276763,10.694092322782865,51.073853506108485,68.0,166.86811023622047,255.0
175,207.14658000000003,16.240296093749215,-48.57427653807346,19.980971576074833,14.732811199839334,68.4521447713541,33.0,96.74825870646767,194.0
176,72.96506400000001,9.638568610998835,-69.80781477045522,11.30720960138088,8.275407322967753,32.17500618903032,67.0,168.26553672316385,254.0
177,154.999232,14.04817253545741,-2.338060491644395,28.21058437511596,8.427432637033814,67.38558871952156,70.0,186.41489361702128,255.0
178,59.155292,8.678643733600062,-83.4169868298807,10.509753403778191,7.37283996299575,29.49663548780862,63.0,150.81184668989548,207.0
179,167.366192,14.597851009862302,80.75073551820586,15.635006633245212,13.88463326036435,53.34385350610848,33.0,87.80418719211822,126.0
180,64.72042400000001,9.077698121706113,-9.965613229642866,10.261814932323146,8.24620936850001,30.780741402443393,44.0,129.70063694267515,176.0
181,3.9162040000000005,2.2329948047521344,12.820507496305092,2.5172929981347982,1.9502456284794012,6.090052957317385,201.0,218.94736842105263,236.0
182,54.620740000000005,8.339381639588016,-38.54863322482494,12.184190751324335,6.4030497428538995,36.07295323171293,82.0,170.47924528301886,223.0
183,204.26095600000002,16.126782897546835,-56.333577623324246,19.239290387505754,14.967222609186667,68.75035660062365,38.0,189.70837537840566,255.0
184,84.50756000000001,10.372963280619452,-5.935573061272717,12.685507738792435,9.181754812549837,40.72311210366509,48.0,144.29756097560977,238.0
185,59.97975600000001,8.73891281697936,-34.60907399152781,9.158994160290273,8.372579418709238,28.056741402443393,82.0,157.10996563573883,243.0
186,119.75339600000001,12.34806703105914,8.32355648021142,18.602080902614045,9.976657525099126,52.88985350610847,55.0,189.65232358003442,255.0
187,172.725208,14.829718985813802,-9.893461992315297,18.47346812473378,13.065568231236993,58.80798589940195,33.0,117.98806682577566,234.0
188,6.595712000000001,2.897916724836007,-13.091788328158321,5.583105258308719,2.4653522161438786,11.664344222563004,130.0,177.21875,208.0
189,290.21132800000004,19.222604899953257,53.65225278079427,29.891392283713248,13.830123879565079,84.34491265245619,45.0,118.99147727272727,201.0
190,53.590160000000004,8.26033358410449,27.782501620459893,9.343568662290988,7.40428024620195,27.414688445126004,93.0,165.65769230769232,242.0
191,45.34552000000001,7.598401755670677,36.69213481150744,13.646893977557992,4.752552073525591,34.023270975617244,87.0,180.98636363636365,255.0
192,66.78158400000001,9.22111455350453,-87.14458038897631,10.936163334073933,7.843815022441807,30.890900274395552,64.0,143.30246913580248,185.0
193,98.72956400000001,11.211885885936457,56.44907830735944,11.894843973507278,10.658591189067609,37.20127097561725,45.0,100.22338204592901,136.0
194,40.39873600000001,7.171977986059078,52.18789812130386,8.834466397987471,6.006708501862352,24.31458253049124,102.0,193.50510204081633,252.0
195,228.78876000000002,17.067597857429217,-19.437489005558994,22.6374937705427,13.680299140531753,71.63014477135411,38.0,149.8900900900901,255.0
196,174.786368,14.917939389145962,74.70612226208767,16.19568397771262,14.059602933452329,51.91732393293463,42.0,87.05188679245283,118.0
197,25.7645,5.727510824985764,-45.32140364942199,6.599381033183819,5.253326038354527,20.33874140244339,108.0,200.816,255.0
198,26.588964000000004,5.8184293772752484,10.07681794585924,8.527516651930346,5.021509280863575,25.504661966467314,76.0,153.05426356589146,228.0
199,93.78278000000002,10.927394204987662,47.90083269413605,12.767108710004893,10.565869090909356,44.37124449695855,64.0,149.47692307692307,235.0
200,147.579056,13.707789394132268,78.95811683864297,16.760285710736948,11.413382555335646,47.56537689025201,59.0,137.71787709497207,255.0
201,40.39873600000001,7.171977986059078,38.04935314336623,13.361025178501254,6.398502339762823,39.69158871952155,74.0,200.64795918367346,254.0
202,333.289572,20.59993842025401,23.31619433878548,40.09202347880944,13.276511424277588,114.69055432929514,56.0,178.80766852195424,255.0
203,109.65371200000001,11.81589786454676,-62.88965682672342,15.856996711618818,8.97978979563727,42.38332393293463,43.0,112.57142857142857,156.0
204,10.099684000000002,3.585988993029539,6.349727383908788,6.198746415831467,2.4919701958436202,15.014264786586926,102.0,156.48979591836735,226.0
205,2.2672760000000003,1.699054284603338,1.4907311430229446,5.14345119013578,0.50479496220187,4.180026478658693,160.0,191.72727272727272,226.0
206,269.393612,18.520329367952424,-44.35522288261928,24.484487017872254,20.815924650359726,106.88912448172573,37.0,128.50191277735271,254.0
207,80.591356,10.129763147429925,51.26676573201663,14.28910090481136,7.915712726213024,38.90711210366509,84.0,192.52941176470588,255.0
208,52.14734800000001,8.14837809792023,27.2223677904399,9.118892205805857,7.403665531102595,26.88279435976078,93.0,159.67193675889328,227.0
209,159.32766800000002,14.242973266422823,1.742491045644961,16.640282290843267,12.41022648940051,51.466091814036716,49.0,96.79948253557568,135.0
210,154.58700000000002,14.029479017482247,6.036596871309198,21.693502646067014,10.335966318017487,68.93564167683894,23.0,83.46533333333333,142.0
211,92.133852,10.830903183722809,-77.529283808973,12.77743211690292,10.1479435995483,43.7130591463477,69.0,192.02908277404921,255.0
212,104.50081200000001,11.534928101004136,13.759421644024162,16.709786666582577,8.286158711714972,43.99513858232378,38.0,103.25838264299803,145.0
213,2.4733920000000005,1.7746043232314053,55.27804237523186,1.981276512360838,1.5986702263688983,4.650158871952156,165.0,193.75,213.0
214,164.27445200000003,14.462390137045064,-50.35887326616018,28.380090508776977,9.464047023608776,67.93638307928234,52.0,128.03387703889587,234.0
215,140.98334400000002,13.397968828512807,12.322119154971459,17.448991836573665,10.606914147508126,52.16990646342587,37.0,88.17543859649123,141.0
216,70.28555600000001,9.459933896328122,62.78406728704165,10.134923482349478,9.128243054078391,34.085032667689006,53.0,152.61290322580646,217.0
217,197.04689600000003,15.83944128290253,-18.392947035199995,21.300052421104688,12.615644767264216,66.37019772867149,29.0,91.84518828451883,192.0
218,115.42496000000001,12.122855419474176,-55.09139106196317,15.44182953328666,10.228193052798916,46.81316506098247,50.0,171.14642857142857,244.0
219,165.51114800000002,14.516726171148719,-12.734920922796585,17.163310104307786,12.401000385406746,52.59164167683895,39.0,90.63013698630137,158.0
220,111.508756,11.915425201117431,17.84891415323187,16.66745687352194,8.741772815799957,45.65535041159332,61.0,164.66173752310536,248.0
221,110.478176,11.860235348145972,-9.266242606690588,12.506700555985505,11.402044685991939,39.54916506098248,50.0,117.32462686567165,174.0
222,153.144188,13.963854632871119,2.6527143557164057,18.034848990682114,10.996331805165333,49.459270975617244,38.0,96.20861372812921,133.0
223,324.63270000000006,20.33064659950949,64.90897676637863,26.810268976243385,18.30339814352515,94.70901856709094,41.0,116.77079365079365,241.0
224,49.880072000000006,7.969270993299021,50.959081638135224,10.321528972768895,6.32241816759135,28.604767881102088,125.0,234.58677685950414,255.0
225,217.24626400000002,16.631492244256826,28.95796026533376,23.508528339235838,13.484706771362603,72.59990646342587,25.0,81.09962049335863,134.0
226,63.68984400000001,9.005133423709697,-67.91841470000446,11.34580304954884,7.431980813886273,33.41348280488678,54.0,126.80906148867314,172.0
227,163.86222,14.444232703473489,-10.734652643188012,19.31815925396339,12.202220541944516,58.853615198180236,65.0,172.23647798742138,255.0
228,155.61758,14.076166264718095,-45.8697627485565,21.952503167420467,11.375094890628983,68.93840955794103,30.0,101.99205298013246,135.0
229,195.60408400000003,15.781345153709127,-7.763424216534663,21.498076341647707,13.899394403013481,75.73227716464756,30.0,92.67334035827187,192.0
230,177.87810800000003,15.0493003574343,24.150144482459215,22.28030847962774,10.8663404463059,65.08609181403672,39.0,101.64078794901506,173.0
231,194.16127200000003,15.723034362567555,-11.318083416730605,23.096246489754286,12.605453070184794,68.66969463415634,50.0,176.32590233545648,255.0
232,344.007604,20.928547133100142,-77.07915092459992,25.238693613599867,19.04783020535601,81.82233012196495,56.0,150.0041941282205,255.0
233,82.240284,10.232867719219794,-85.07622928539797,10.773423810012567,9.787884573877877,33.99100618903032,68.0,129.47869674185463,191.0
